cluster,start_time,cpu,memory
3,13,0.0012618683041264649,0.00020692591601601646
3,15,0.0001897631827931204,0.0006778326584937469
3,20,0.011757071949848638,0.003742834260999036
3,25,0.0038758410312397145,0.004612757941124096
3,30,0.00024125049880885,0.0008150592894427108
3,45,0.011757071949848638,0.0054326043417658
3,55,7.247662155308637e-05,0.008348913942214764
3,75,0.00021550717216894897,0.0009703694933017855
3,105,0.004519723646527503,0.0036389500031713006
3,140,0.0022823970112907043,0.0030128822457412188
3,150,0.011757071949848638,0.004322234417593779
3,155,0.002446041644016815,0.0036934272402513392
3,160,0.003830240702909449,0.003609809797604093
3,195,0.0025411715630188395,0.0035794017212166618
3,200,0.0027618381291250375,0.0033817266831287617
3,240,0.011757071949848638,0.0038910406786081884
3,245,0.002168210476042857,0.004582380347634716
3,260,0.0017094298155945391,0.0039214392802748525
3,275,0.003685825943470072,0.003742834260999036
3,290,0.0018731682305155645,0.0032410494933228415
3,295,0.002278591003507414,0.0032030252338407137
3,320,0.0019845331119532953,0.0030775349182960514
3,335,0.004139902044165758,0.003834040809692454
3,355,0.0013437775125769065,0.003233444757093081
3,360,0.004681104152682225,0.0035832027813323328
3,385,0.006984422478867812,0.002788784014339416
3,389,0.0026286830965240697,0.0006206493373280557
3,420,0.0016046993298825913,0.003024291844636893
3,425,0.0022823970112907043,0.0038188402959147957
3,430,0.011757071949848638,0.003739033807604942
3,435,0.0023483655113558585,0.0024152810340219797
3,550,0.011757071949848638,0.005607114480868361
3,580,0.0018693606648826472,0.002742817067102487
3,610,0.011757071949848638,0.00487852252841832
3,635,0.002347096927393677,0.003625013489060671
3,725,0.004892757923970379,0.002213410872006021
3,755,0.005493306974761145,0.004194985119904669
3,765,0.0017932063075790986,0.002746621308451171
3,785,0.006986947906770004,0.004514027388114826
3,869,0.0033018853012981675,0.000937022710096137
3,880,0.006198704814243643,0.008348913942214764
3,884,0.0013799678164365524,0.000724529945246922
3,930,0.0013437775125769065,0.008348913942214764
3,945,0.011757071949848638,0.008348913942214764
3,986,0.0005596501903440872,0.0010904087062554445
3,988,0.0034121407709365777,0.000532961893446638
3,990,0.002503120681375321,0.0034539586313508523
3,1020,0.0001115736704460655,0.0008417400588033358
3,1170,0.0005024601105197432,0.0019093393809810233
3,1175,0.0018065337387645328,0.002807487201886174
3,1180,0.0018312842111666398,0.0027656422981138366
3,1190,0.0024840946975886904,0.0034045373357045033
3,1236,0.0012123385510221585,0.0004652848046413346
3,1259,3.8146899896858897e-06,9.536738616591883e-07
3,1306,0.000925589271289206,3.4331686051547115e-05
3,1370,0.002457457712132812,0.0032220375443123162
3,1391,0.000724529945246922,0.001259963358984122
3,1420,0.011757071949848638,0.0053567208683910445
3,1426,0.002133951972793513,0.00039283664793860086
3,1453,2.8609820227377792e-05,9.536738616591883e-07
3,1460,0.0030433075535145696,0.004248165900383142
3,1486,2.956346680500255e-05,8.583032013331595e-06
3,1525,0.0021529846194929705,0.004514027388114826
3,1570,0.001989292018604019,0.004400095405385201
3,1573,0.00033945043682158936,0.00027652731455550246
3,1595,0.0004976941228950977,0.0013266342799151997
3,1629,0.0016542096537473503,0.0010103841653535416
3,1642,0.010156378814732253,0.004308940472320957
3,1805,0.0004816968157471638,0.0012729666080158635
3,1909,0.000717859037789061,0.0009694167434991238
3,1925,0.0017437028651757643,0.00015257625027691968
3,1950,0.011757071949848638,0.004582380347634716
3,1975,0.011757071949848638,0.008348913942214764
3,2024,0.0018693606648826472,0.0008703258074755685
3,2039,0.0012523435421263832,0.0004652848046413346
3,2053,0.0037466346999497397,0.0026477063295991974
3,2090,0.002111112318584885,0.004377307451096851
3,2135,0.00015543683264381518,0.0007273888919633046
3,2200,0.003856841147138436,0.0007083290927958314
3,2205,0.00013731967278465254,0.0011875727544909617
3,2240,0.0022100803862380165,0.00014590152626481367
3,2298,0.0008369756879122988,0.00011252723790881803
3,2309,0.0006339924047469611,0.000736918655320293
3,2318,0.0016884845959117408,0.0005205706563387278
3,2320,0.007228631806592319,0.0072185538948125825
3,2327,0.0005791893846579456,0.0010418231415887415
3,2340,0.011757071949848638,0.004734259087940639
3,2370,0.011757071949848638,0.008348913942214764
3,2385,0.011757071949848638,0.008348913942214764
3,2390,0.00019317443272703813,0.00013785270930745632
3,2466,0.0002393436084512312,0.0008769956979226427
3,2479,0.0014904353800344078,0.0009875188345293173
3,2510,0.0036364161059613733,0.0004014163088990512
3,2516,0.009053134712110703,0.0072975269118534195
3,2520,0.0072899529616975494,0.008348913942214764
3,2525,0.002015941477336054,0.003214432663499774
3,2545,0.00025078489605386277,0.0012199586727155388
3,2550,0.0022167413466819275,0.0009598891955469028
3,2551,0.00036805054721996495,0.0007569308627675032
3,2553,0.002069238264313799,0.0007750368006103133
3,2555,0.0007680485827456047,0.0009957758198595595
3,2560,0.005829950002151688,0.005695306390313551
3,2569,0.002335679599314728,0.0005177111182780359
3,2580,0.004536812227083962,0.0007502601714503839
3,2581,0.0006177900854322507,0.00011729506158326481
3,2584,0.005387074948740626,0.0007798014666096181
3,2585,0.0039670354502044786,0.0007931424106340736
3,2587,0.002548147400935908,0.0010307084649598228
3,2588,3.8146899896858897e-06,3.051711247318638e-05
3,2590,0.0032524564892335572,0.0006987990569818847
3,2591,0.002990062657405602,0.0005453529770136939
3,2610,0.0006940340050166014,0.0009294004320830374
3,2611,0.002232917780187861,0.0010846928799898735
3,2612,0.0023128445520832464,0.0011347052521085408
3,2613,0.001099458697693738,0.0010175294740178067
3,2614,0.002754229747732058,0.000709282091382058
3,2615,0.0005034133053189219,0.003423545815387862
3,2620,0.004436175271020099,0.0022823970112907043
3,2627,0.001259963358984122,0.00017164664482489044
3,2628,0.0004395472448179606,0.001120892561246107
3,2635,0.00019643761404817184,0.00024220394262407458
3,2645,0.00958223925283324,0.008348913942214764
3,2650,0.0005364568299984514,0.0010459514185872424
3,2651,0.0005243833610333157,0.0009627474694638691
3,2659,0.003701028479253333,0.0007578838150374595
3,2662,0.0007302478305061341,0.0008388814389926221
3,2670,0.011757071949848638,0.0040278271096075334
3,2675,0.00015639035828102067,0.000717859037789061
3,2680,0.0012803937063943182,0.00442701300740258
3,2682,0.00039760313533768546,0.0006597249605773053
3,2685,0.01094150968503768,0.006600483257791608
3,2690,0.0044594365994661215,0.008348913942214764
3,2691,2.1934268719512805e-05,0.00026699316274694465
3,2705,0.005858393516179103,0.0020792310956470232
3,2711,9.917721068409996e-05,0.00022313489359697167
3,2712,0.0006387577428214971,0.0009732277372633898
3,2730,0.006077381479826293,0.003438752338986779
3,2755,0.011757071949848638,0.004149399342659273
3,2758,0.0019245689476620718,0.0007292948519000272
3,2775,0.00044336025844281615,0.0053718980237371095
3,2815,0.008614521629871934,0.004430478536673049
3,2830,0.0018503226192516844,0.00273140425622215
3,2832,0.000396649839675419,0.0011532806390069973
3,2835,0.0014175852966650266,0.0009132028983953862
3,2862,0.000534868223989104,0.0012351987419057478
3,2885,0.0031193667732597016,0.003796039092010242
3,2915,0.009839761468695618,0.0037605695191995246
3,2916,0.011757071949848638,0.0037352333397673463
3,2918,0.005849860546919073,0.0009856133666940902
3,2940,0.0017113339047211435,0.0010084787410870105
3,2955,9.536288445621604e-05,0.005698151161126963
3,3004,0.004719072251889836,0.000784566109906989
3,3012,0.0007111880858298968,0.0011227977713288604
3,3030,0.00063589854270179,0.0010885034344636597
3,3040,0.0002736670785574283,0.0008484101399163111
3,3055,0.005758837677360267,0.003602207865192837
3,3059,0.0032182351111353217,0.0006597249605773053
3,3105,8.868777854848413e-05,0.0005930095598741594
3,3150,0.007055132049437646,0.008348913942214764
3,3205,0.0036668224487268167,0.003951836957894623
3,3265,0.006608062431737476,0.008348913942214764
3,3325,0.0072369337043334415,0.004058221553505529
3,3415,0.003031898171579681,0.0022405301289400432
3,3455,0.002015941477336054,0.003951836957894623
3,3515,6.961580186149032e-05,0.00041190246122004264
3,3555,0.004392024730963996,0.008348913942214764
3,3560,0.00011729506158326481,0.0006949870172261174
3,3590,0.0042253744836297045,0.008348913942214764
3,3674,0.0007474012901211164,0.000760742666398632
3,3750,9.917721068409996e-05,0.000695940028527402
3,3840,0.0001802282037223272,0.0011609012107404286
3,3846,0.0002879681767390014,0.0010999350107638401
3,3856,0.00021264676163329225,1.811964784990813e-05
3,3858,3.8146899896858897e-06,1.9073304431497577e-05
3,3860,0.005197346828566886,0.008348913942214764
3,3865,0.0001659255646467967,4.7682578988074067e-05
3,3875,0.0037542355345214122,0.0033513116702760743
3,3876,0.011757071949848638,0.004407691274751476
3,3912,0.0038150401313676663,0.0031992227283698543
3,3915,0.00416459483263814,0.0034843705224025965
3,3938,0.0005200940672297897,0.0005949157759494707
3,3972,0.004194985119904669,0.003214432663499774
3,4000,0.001694196972060301,0.002894975433823831
3,4005,0.0016961010901917904,0.002799879167802145
3,4013,0.005030356301096003,0.0032638633550262012
3,4055,0.003406438199932425,0.002611561877340657
3,4059,0.002388959348455827,0.0017456068890446081
3,4080,0.001922665264511095,0.0018979170537578765
3,4090,0.00020787939255834827,0.008348913942214764
3,4095,0.011757071949848638,0.003794138968217176
3,4098,0.0042405688191817035,0.0030661259268697848
3,4105,0.00026508632147717847,0.0009351171460396479
3,4120,0.0017603629511088728,0.0008827127114691219
3,4125,0.005732919928283716,0.0018243033707178449
3,4130,0.011757071949848638,0.004597569259729178
3,4135,0.011757071949848638,0.004924075080887553
3,4180,0.011757071949848638,0.0056147011874411405
3,4195,0.004924075080887553,0.00034517052433894396
3,4217,0.0015018623625683892,0.0009151085042112957
3,4240,0.002792271075835492,0.0053339547034643746
3,4295,0.011757071949848638,0.006009130635195597
3,4315,0.011757071949848638,0.0042253744836297045
3,4330,0.011757071949848638,0.004153198236801193
3,4335,0.00020311200075548807,0.008348913942214764
3,4340,0.011757071949848638,0.004536812227083962
3,4345,0.0003003622963967582,0.0010589712574875611
3,4353,0.004460860744854276,0.0033931320744573666
3,4370,0.0016465928403935164,0.0030204886594693107
3,4385,0.010669803367703776,0.0034273474679662424
3,4388,0.008432970273033333,0.0014485353268913921
3,4395,0.0014161568106055029,0.0029216007678307104
3,4400,0.008900020105528764,0.003961336042657877
3,4404,0.0026286830965240697,0.0013380631343441005
3,4405,0.0028341148653673364,0.0013856819552158564
3,4415,0.0012332937459586261,0.00364021694936853
3,4435,0.011757071949848638,0.004392499478321256
3,4465,0.011757071949848638,0.00358795408615943
3,4475,0.011757071949848638,0.008348913942214764
3,4480,0.011757071949848638,0.0053567208683910445
3,4600,0.0005320087268126173,0.0027352085409880866
3,4625,0.011757071949848638,0.004734259087940639
3,4645,0.00012492353217983867,0.008348913942214764
3,4650,0.0003327769600307252,0.0009570309134601835
3,4655,0.0009741804834351367,0.0010046678816619883
3,4660,0.0009284476432462925,0.0001306448469379857
3,4750,0.011757071949848638,0.0062745244242638915
3,4775,0.002609659501558661,0.004582380347634716
3,4795,0.004278553648045624,0.007380836577716239
3,4875,0.00018308870698973903,0.0007855190358422501
3,4920,0.00045765893004880533,0.000937022710096137
3,4935,0.0012504385788397877,0.00017736769227241306
3,4945,0.011757071949848638,0.00465072863534686
3,4960,0.011757071949848638,0.008348913942214764
3,4990,0.002700969457070453,0.0042405688191817035
3,5010,0.0001754606800932792,0.0007312008082040736
3,5035,0.0007759897356263394,0.00021455370289950182
3,5046,1.9073468138254095e-06,4.768360213383618e-06
3,5049,0.0011304185753618268,9.154854367919205e-05
3,5090,0.011757071949848638,0.006759633848689904
3,5097,0.011379103529492137,0.004316537034117125
3,5179,0.0008827127114691219,0.00017260015500575708
3,5220,0.0007493072119154281,0.000784566109906989
3,5235,0.011757071949848638,0.005265653098729564
3,5245,0.0018236687464423874,0.0029406184295337067
3,5275,0.003590804858219775,0.0048557454740219335
3,5295,0.0029406184295337067,0.004308940472320957
3,5300,0.0014813889262561303,0.002446517316123664
3,5335,0.011757071949848638,0.004734259087940639
3,5345,0.00013827321569718267,0.0006740205388122449
3,5361,0.0006301801179371828,0.0010637345708292773
3,5363,0.003644017778329331,0.002575416118613466
3,5380,0.0015970821394070895,0.0029139936018803482
3,5382,0.011757071949848638,0.0038074397589493813
3,5405,0.00013350549204206507,0.0007921894919632997
3,5410,0.011757071949848638,0.006198704814243643
3,5415,0.011757071949848638,0.005546418756104839
3,5423,0.002613464249503626,0.0018027259194074786
3,5450,0.006460602734823811,0.0016510417588765877
3,5490,9.631646737716456e-05,0.0007721779901137121
3,5520,0.0026477063295991974,0.004096213309299093
3,5565,0.011757071949848638,0.005766423232945358
3,5590,0.0022405301289400432,0.003982233711523677
3,5768,0.011757071949848638,0.007600437888634159
3,5770,0.00026890000038067415,0.0011475651720962011
3,5800,0.001795110237194629,0.0010256274287841047
3,5821,0.0008560330352825805,0.0005529781828942896
3,5830,0.0014780560016028406,0.003007177397475905
3,5835,0.011757071949848638,0.005409839904368917
3,5905,0.002609659501558661,0.0013152052948660925
3,5995,0.002328067974841796,0.0032030252338407137
3,6000,0.0022823970112907043,0.0007512131300772087
3,6003,0.004498837207047576,0.003130775157281243
3,6015,0.0019664490601353315,0.0006997520646502609
3,6050,0.003153591534878071,0.0005930095598741594
3,6060,0.0017037175264612969,0.0030280950153403134
3,6125,0.0005615564700105651,0.0012085284684005123
3,6160,0.00545536826095487,0.0011113664563845778
3,6214,0.0035527938958536532,0.002837918759413676
3,6285,0.011757071949848638,0.003602207865192837
3,6355,0.00010871296260205031,0.008348913942214764
3,6498,0.00043573421665397667,0.00074549536469426
3,6520,0.0017703588694423034,0.003244851839750827
3,6535,0.011757071949848638,0.004460860744854276
3,6550,0.0018503226192516844,0.005166986988560911
3,6624,0.001339967930716607,0.0005720409432206876
3,6635,0.0024384308595351675,0.004316537034117125
3,6650,0.0001306448469379857,0.0005367745508974809
3,6686,0.0011589960732514182,0.0010446811813259753
3,6715,0.0016542096537473503,0.003233444757093081
3,6720,0.00010394509800939572,0.00042524831423473527
3,6735,0.007318354979000074,0.0033189947054825947
3,6739,0.003237247132436963,0.001932183644026091
3,6810,0.002206274103206612,0.003260061080886034
3,6818,0.003182111274818002,0.0024974129242479816
3,6834,0.003343707772518047,0.0007950482452514636
3,6865,0.00204639713200174,0.0009122500941256796
3,6915,0.0015247159359160231,0.0030547168052769474
3,7005,9.536738616591883e-07,4.768360213383618e-06
3,7015,0.00017832119699822093,0.0002593657758515211
3,7020,0.004931666971230326,0.005015173961193486
3,7025,0.011757071949848638,0.0051214455002572025
3,7045,0.0012561534578129539,0.0002441108275273627
3,7109,0.00011538793484134234,4.4821688364211996e-05
3,7165,0.001511384748268885,0.00017355366427744296
3,7185,8.296622373501981e-05,0.008348913942214764
3,7200,0.011757071949848638,0.00525806374355909
3,7205,0.011757071949848638,0.005113855050560974
3,7210,0.00011729506158326481,0.0007197650158893732
3,7255,0.006918759114708033,0.004308940472320957
3,7265,0.00017260015500575708,0.0006740205388122449
3,7280,0.002952028852955626,0.0051745770349740814
3,7411,5.626520175181711e-05,0.00022313489359697167
3,7445,0.007100585561865644,0.004400095405385201
3,7554,0.0008303055305299107,0.0006416169347662023
3,7565,9.727004938879356e-05,0.00034326383213531243
3,7569,1.4305012428915572e-05,1.3351351300000066e-05
3,7580,0.0016046993298825913,0.0030889437795587177
3,7581,0.0009798969414034659,0.00541742810774798
3,7647,0.0008045773638557104,0.0009446449300105573
3,7657,0.0071460370083657535,0.0014904353800344078
3,7667,0.0006521005686225267,0.0008322112943219238
3,7670,0.0002279021899440399,0.000716906047376621
3,7705,0.011757071949848638,0.004658322601181644
3,7753,0.00047291062108034405,0.0010732611294457883
3,7800,0.003047110651898828,0.00726723076703553
3,7868,0.0020425902258933643,0.0004004630168718613
3,7875,0.0006930809918988523,0.0007740838646862012
3,7880,0.0015494733843384766,0.0006444761185359523
3,7950,0.0005815721871148066,0.0006740205388122449
3,7965,0.0001287377456556502,0.0006921279778728684
3,8020,0.0012885371551006014,0.0007450188827699592
3,8025,0.011757071949848638,0.004088615073609383
3,8035,8.868777854848413e-05,0.0005901502289480631
3,8072,0.0006235085810485628,0.0011837625775082364
3,8073,0.0021758233173836674,0.00042524831423473527
3,8075,0.011757071949848638,0.0045064323264239
3,8100,0.00014208737825488843,0.0006768796299357696
3,8120,0.00427317255167888,0.003453641835951735
3,8124,5.626520175181711e-05,0.0006663962558521946
3,8125,0.00015066919081957287,0.0007035640862415558
3,8129,0.001539951361327484,0.0006425699969311116
3,8142,0.0012580584102129563,0.0007921894919632997
3,8155,0.0007060995648802913,0.0021930432945014683
3,8160,0.0001287377456556502,0.000624461660472007
3,8255,0.0001892864359988254,0.000678309172432137
3,8300,0.0021073056588336455,0.0008655615727760184
3,8310,0.009103537683880588,0.0038973737968266272
3,8315,0.011757071949848638,0.008348913942214764
3,8345,0.011757071949848638,0.008348913942214764
3,8410,0.011757071949848638,0.005766423232945358
3,8440,0.011757071949848638,0.008348913942214764
3,8480,0.011757071949848638,0.008348913942214764
3,8485,0.011757071949848638,0.005698151161126963
3,8516,0.0033855284946919762,0.002160597576746252
3,8530,0.011757071949848638,0.004308940472320957
3,8535,0.0001621114930108986,0.0006768796299357696
3,8545,0.00028320116673637526,0.008348913942214764
3,8548,0.011757071949848638,0.005872614969811004
3,8565,0.011757071949848638,0.004810189808787453
3,8600,0.011757071949848638,0.004802596996143865
3,8644,0.0033475097286244683,0.002088272142714538
3,8650,0.011757071949848638,0.005698151161126963
3,8652,0.0017779747401553189,0.000806483176680116
3,8655,0.011757071949848638,0.004270956797699741
3,8660,0.011757071949848638,0.0044228828403945234
3,8675,0.011757071949848638,0.004772225169048342
3,8725,0.0014599627882238442,0.00455959654691604
3,8790,0.0024878999233051715,0.004377307451096851
3,8820,0.00204639713200174,0.003229642367291086
3,8837,0.00022218143160029823,0.001223768711787494
3,8860,0.0024878999233051715,0.0041797900917176
3,8890,0.011757071949848638,0.0042937471756031775
3,8910,0.0030204886594693107,0.0031003525106607535
3,8913,0.005075901937831878,0.0029444219184741162
3,8914,0.0036706231765662022,0.0024422362590164966
3,8940,0.011757071949848638,0.007918395693770237
3,8965,0.0024117926576883264,0.0052201161037079965
3,8975,0.0015628040642319144,0.002917797192089151
3,8981,0.006782367579864512,0.003830240702909449
3,9198,0.004886114764597639,0.003035701313355106
3,9205,0.007903257138139542,0.008348913942214764
3,9246,0.0030737319356167313,0.0008950994620291852
3,9290,0.0002536451975010343,0.0010427758224087521
3,9460,0.004156997116511571,0.00114566000920001
3,9464,0.0005119920176256615,0.0009970461192437185
3,9510,0.0001115736704460655,0.0005968219883911293
3,9514,0.011757071949848638,0.005387074948740626
3,9517,0.002388959348455827,0.000266039742566567
3,9527,5.245071183970786e-05,0.0004986473222371996
3,9536,2.0026960103627014e-05,9.536738616591883e-07
3,9625,0.0009570309134601835,0.0006473352941307938
3,9655,0.00023743671445737463,0.00014780859481439325
3,9661,0.0004328744359896191,0.001139944498733466
3,9665,0.00019739110059090122,0.0007159530560559894
3,9675,0.011757071949848638,0.008348913942214764
3,9680,0.0015913692084735525,0.002803683192079432
3,9690,0.002556391510282016,0.0038226404460207294
3,9695,0.0018579378809977865,0.003491973350654743
3,9705,0.004213978580456772,0.0033475097286244683
3,9710,0.0013094907533580287,0.0007312008082040736
3,9755,0.009808912670301087,0.0040050306704103485
3,9785,0.00012492353217983867,0.0006378046770232639
3,9805,0.00012492353217983867,0.0006425699969311116
3,9845,0.0006549597224178409,0.00163945202518374
3,9850,0.009500275446492824,0.0015787713480002572
3,9865,0.011757071949848638,0.004346922704237435
3,9875,0.0017265664872153927,0.003047110651898828
3,9890,0.011757071949848638,0.0053718980237371095
3,9908,0.0038758410312397145,0.0025716112259019236
3,9915,0.0025183412077775203,0.004316537034117125
3,10088,0.002818899144484227,0.0006044468018215126
3,10098,0.0012866322607603276,0.000909391675869532
3,10136,0.011757071949848638,0.004787411197902089
3,10151,0.011757071949848638,0.0042557629238693774
3,10260,0.011757071949848638,0.004635540530670151
3,10290,0.007342969408169036,0.008348913942214764
3,10400,0.001993099127618687,0.0031383806743233416
3,10405,0.0020007133021660607,0.00030322245604133763
3,10467,0.0018484187947538414,0.0007855190358422501
3,10485,0.011198053438472537,0.008348913942214764
3,10502,0.004848153007267411,0.004073418429028214
3,10551,0.001400919499000281,0.0006721144735218839
3,10763,0.000324196710145195,0.0004938813164407744
3,10835,0.0014885308702504642,0.0009408338273156267
3,10840,0.00092749485350174,0.00013636612896287742
3,10850,0.0010313435926665388,0.0007559779095894282
3,10880,0.004574785805072964,0.0007235769611917747
3,10910,0.00019643761404817184,0.0006549597224178409
3,10930,0.0001792747008148584,0.0007254829283938917
3,10947,0.009310163311737108,0.0007474012901211164
3,11135,0.0005943200838162704,0.00039736481150731625
3,11175,0.0017113339047211435,0.006585324737566063
3,11210,0.0018084376430057656,0.002959635729572124
3,11215,0.005887784297430847,0.003674423889960111
3,11301,0.001477103735375867,0.0007130940766449277
3,11310,0.007093010119933264,0.0045064323264239
3,11362,0.002472678933560019,0.0006711614395142948
3,11400,0.0022138866547816854,0.0035489927201500034
3,11425,0.011757071949848638,0.006365500368770662
3,11445,0.0001392267577004696,0.0006425699969311116
3,11447,0.0017132379902221994,0.0004843492367029487
3,11460,0.0007512131300772087,0.0002193210401557271
3,11485,0.011757071949848638,0.0044532652793471475
3,11490,0.0014275846419460737,0.0010046678816619883
3,11565,0.003244851839750827,0.0006463822365075002
3,11570,0.0016418323025860302,0.003832140758106053
3,11585,0.002446041644016815,0.0032790723070156356
3,11605,0.0002908283718329107,0.0007150000638271644
3,11614,0.0018236687464423874,0.0007731309278540014
3,11685,0.0015875605697191252,0.0033018853012981675
3,11815,0.0036820252734119357,0.003050913735819584
3,11819,0.0032790723070156356,0.0020311694206122596
3,11830,0.003009079017180489,0.0040050306704103485
3,11855,0.008780914756707052,0.0035794017212166618
3,11910,0.00021360023272095016,0.0015075758048697793
3,11945,0.00013350549204206507,0.0005615564700105651
3,11960,0.0006768796299357696,0.0014047288486681102
3,11970,0.00024697114806441844,0.0012180536477358983
3,11975,8.582700523377566e-05,0.005705737177065219
3,11991,0.0005205706563387278,0.0011951930649043434
3,12075,0.00944663095520679,0.008348913942214764
3,12109,0.0038188402959147957,0.0008245882173621606
3,12174,0.0015475689869897781,0.0008903353453559588
3,12180,0.0002040654809343038,0.0010199112322269543
3,12305,0.0016427844119605466,0.0002908283718329107
3,12310,0.002807487201886174,0.0010599239219710385
3,12460,0.001947412862805535,0.0008207766570904299
3,12465,0.0002593657758515211,0.0007340597358489053
3,12480,0.011757071949848638,0.003929038786306997
3,12501,0.0007616956150361299,0.0009236836854454217
3,12505,0.011757071949848638,0.0044380741752574095
3,12525,0.010581105462331583,0.004069619231798584
3,12534,0.0030965496147555174,0.0016694431064096908
3,12599,0.0009455977034148405,5.8172441251510616e-05
3,12600,0.003701028479253333,0.004400095405385201
3,12610,0.0007521660877959042,0.0008160121863206873
3,12615,0.0016066036184356279,0.0008093418891065121
3,12621,0.011757071949848638,0.004020228354283619
3,12625,0.011757071949848638,0.004901299064032316
3,12645,0.0005720409432206876,0.0011227977713288604
3,12679,0.00386824112091862,0.0006540066720610426
3,12701,0.0018769757816509808,0.0008141063916567211
3,12786,0.006699008038748406,0.0004719573972057082
3,12793,0.0044228828403945234,0.002837918759413676
3,12795,0.011757071949848638,0.004643134611843321
3,12796,0.011757071949848638,0.004270956797699741
3,12799,0.0027656422981138366,0.0015589953166814106
3,12820,0.003031898171579681,0.0038910406786081884
3,12825,0.0015437601814121587,0.002982456012240349
3,12834,0.0013037761791937932,0.000529149221459383
3,12840,0.004893706943135346,0.0038207403727729054
3,12855,0.011757071949848638,0.008348913942214764
3,12869,0.0007121410816915123,0.0007674132877908631
3,12895,0.0047950041258490355,0.0037618363113208378
3,12898,0.0008045773638557104,0.00022694873249279367
3,12900,0.00011252723790881803,0.00021646064052929334
3,12905,0.011757071949848638,0.0044532652793471475
3,12925,0.005007582704802561,0.003408339060547069
3,12930,0.011757071949848638,0.004870930234596512
3,12935,0.001930279975371042,5.531158063788267e-05
3,12945,0.002206274103206612,0.0006787856861434617
3,13011,0.011757071949848638,0.003739033807604942
3,13030,0.0013456822980647274,0.0005339150591721331
3,13196,0.0003194298728416333,0.0008674672693795912
3,13260,0.00013350549204206507,0.00038616352741105637
3,13275,0.0007197650158893732,0.0007464483278617572
3,13339,0.0011342289555996753,0.0008274468780319944
3,13365,0.00018308870698973903,0.0006311331910021468
3,13390,0.0003232433445023,0.0014047288486681102
3,13412,0.0003813969854847829,6.675497398558155e-05
3,13435,0.0004862556599193712,0.000709282091382058
3,13460,0.0007778956029341404,0.0010923139744171756
3,13472,0.0014999578745471423,0.0008522215948630126
3,13540,0.011757071949848638,0.008348913942214764
3,13598,0.002952028852955626,0.000736918655320293
3,13835,0.009158978018754411,0.008348913942214764
3,14035,0.0011361341402739893,0.00023171601065823965
3,14045,0.00524288486042102,0.0018084376430057656
3,14069,8.487341231019795e-05,0.0004004630168718613
3,14104,0.002236723961807434,0.0009627474694638691
3,14351,0.0014294892678061318,0.0007416835029428574
3,14425,9.059495621161992e-05,0.0007636015095867968
3,14460,0.00012492353217983867,0.0006606780054843048
3,14471,0.001174237071537101,0.0003642372464267938
3,14530,0.001482817319135592,0.0009732277372633898
3,14845,0.0008369756879122988,0.0007111880858298968
3,14861,0.0008045773638557104,0.0010313435926665388
3,14980,0.00010203794580720649,0.0006654432163949313
3,15079,0.002556391510282016,0.00017069313373484126
3,15110,0.007411129280963662,0.0008455515391727872
3,15135,0.002632487772089877,0.0005911033401651813
3,15140,0.006570165987556298,0.00140853818382485
3,15160,0.011757071949848638,0.0009217780959703729
3,15253,0.0008646087231123504,0.0003537505942665665
3,15310,0.00524288486042102,0.008348913942214764
3,15400,0.011757071949848638,0.0013494918581557806
3,15432,0.0005301023908189915,0.0011780472848137936
3,15475,8.105903152246648e-05,0.0006092122806925797
3,15520,0.0065474274316810015,0.0010332489733663665
3,15870,0.008826289895676201,0.002651510932788601
3,16110,0.007350542956793148,0.0007045170893688357
3,16155,0.0002545986294986889,0.00036805054721996495
3,16425,0.0023619553908430712,0.0018573956607280716
3,16535,0.009204336006681843,0.008348913942214764
3,16566,0.0009856133666940902,0.0006330393344070341
3,16630,0.0011018402607755103,0.0036896265990831695
3,16645,0.011757071949848638,0.00386824112091862
3,16700,0.0051214455002572025,0.008348913942214764
3,16776,0.0047950041258490355,0.0003566106012163853
3,16807,0.0004757702872524493,0.0010961244998505322
3,16980,0.0005272428800145662,0.0004776767268240348
3,17240,0.00021073981673065074,0.0012618683041264649
3,17490,0.011757071949848638,0.0027390128112814954
3,17500,0.011757071949848638,0.0025259513841053424
3,17513,0.002023555477960439,0.00040236960001747627
3,17540,8.678059724801476e-05,0.00040236960001747627
3,17585,0.0007655074005050366,0.0028531341909045875
3,17619,0.001505671327729694,0.0008789013727363874
3,17621,0.0035984068773160837,0.005022765159957675
3,17940,0.0006854568542602585,0.001237103734223867
3,18174,0.011757071949848638,0.008160581421132762
3,18220,6.484775085477884e-05,0.008348913942214764
3,18313,0.0007912365723844712,0.0011304185753618268
3,18435,0.01094150968503768,0.0061152966030360275
3,18485,0.004073418429028214,0.0018807833182890067
3,18509,0.00010489867274653099,0.0006768796299357696
3,18545,0.011757071949848638,0.008348913942214764
3,18813,0.0036326152481077514,0.0005158047550281434
3,18880,0.006183540202381594,0.001292346932895316
3,19017,0.0006444761185359523,0.0009637002256206985
3,19095,0.011757071949848638,0.008348913942214764
3,19310,0.011757071949848638,0.005576767078982975
3,19355,0.003951836957894623,0.0008512687324882603
3,19417,0.0008217295485203626,0.0009818024201311783
3,19475,8.105903152246648e-05,0.00033182360256791437
3,19555,0.00541742810774798,0.0011056507499089525
3,19586,0.00047958316276111536,0.0011170821301910892
3,19615,0.001319014971062669,0.0009627474694638691
3,19620,0.001425680012458409,0.0006168369996502413
3,19625,0.0006451909132010585,0.0008331641748559563
3,19675,0.011757071949848638,0.0013628252041877362
3,19703,0.0009837078952280485,0.00013541258423185564
3,19742,0.000743589435634845,0.0007597897168530221
3,19743,0.002019748484894872,0.00029368855874612745
3,19770,0.00011538793484134234,0.0005939626683660225
3,19835,0.0003013156838538975,0.000736918655320293
3,19909,0.0012504385788397877,0.0009656057352111289
3,19935,0.0002774807247368745,0.0019017245106622283
3,19975,6.961580186149032e-05,0.004476051502797436
3,20010,0.010518823508130208,0.004681104152682225
3,20026,0.0008798542087814127,0.00026890000038067415
3,20075,0.0007412070192022695,0.0002814532573750093
3,20085,0.0007216709903569398,0.0025221463031807794
3,20320,0.0022253053734873837,0.0016961010901917904
3,20343,8.391981847727991e-05,9.536738616591883e-07
3,20394,0.0009856133666940902,0.0009741804834351367
3,20455,0.011757071949848638,0.0016123164623369445
3,20483,0.0012009082596067544,0.0019017245106622283
3,20485,0.0014294892678061318,0.00013541258423185564
3,20559,0.0014371077349705753,0.0006263678165938186
3,20664,0.0015628040642319144,0.0007283418723857513
3,20720,0.011757071949848638,0.0011475651720962011
3,20739,0.0010694505168898152,0.00058729088984617
3,20853,0.0015380469458449663,0.0004099958962495509
3,20885,0.00013445903859158543,0.000709282091382058
3,20890,0.010262105420931164,0.003191617674050717
3,20900,0.00033659038079308977,0.00017069313373484126
3,20923,0.00018213520680976578,0.0006787856861434617
3,20945,0.00014876212772534336,0.0007150000638271644
3,20953,0.0005310555592700691,0.0011951930649043434
3,20960,0.0003566106012163853,0.000675926600469528
3,21005,0.00012826096976677903,0.0006797387128849156
3,21015,0.00010394509800939572,0.0007207180035772488
3,21030,0.00015448330609739766,0.0007483542514723395
3,21035,0.0024003760682420783,0.0011247029777817952
3,21109,0.0008493630050149113,0.0021034989845916926
3,21141,2.8610188565003983e-06,9.536738616591883e-07
3,21177,0.0006597249605773053,0.00252975645055132
3,21200,0.011757071949848638,0.007009676470893944
3,21204,0.0011437548426741664,0.0007731309278540014
3,21412,5.531158063788267e-05,0.0004719573972057082
3,21515,0.00012492353217983867,0.0028112911972224806
3,21525,0.00015448330609739766,0.003723831849592457
3,21528,0.003575600646652878,0.0005863377749953538
3,21585,0.004308940472320957,0.0008979579211386914
3,21618,0.001779878698770875,0.0003194298728416333
3,21630,0.006691429554066382,0.002548781565606277
3,21700,0.000939881049372436,0.0008045773638557104
3,21720,0.011757071949848638,0.005144216503662451
3,21856,0.00023743671445737463,0.00039569654310437903
3,21861,0.00021550717216894897,0.0024155981585398116
3,21885,0.00012969129675144736,0.0008150592894427108
3,21900,0.011757071949848638,0.008348913942214764
3,21951,0.0007292948519000272,0.00020883286819156342
3,21970,0.0002927351640173515,0.0007588367663992986
3,21998,0.0011418496725186563,0.000436687475058022
3,22040,0.00010203794580720649,0.0006073060918693267
3,22090,0.011757071949848638,0.005166986988560911
3,22102,0.0006082591867351476,0.0006949870172261174
3,22150,0.008463231121549836,0.005250474330789867
3,22165,0.001245111506554045,0.0010197172688963495
3,22255,0.00014876212772534336,0.0006921279778728684
3,22259,9.345571588635349e-05,0.00011443437010645472
3,22300,0.0023128445520832464,0.002263366827515645
3,22306,0.0007388245970937723,0.00041762213432167486
3,22335,0.011757071949848638,0.0036706231765662022
3,22358,0.001231388746382488,0.0013628252041877362
3,22489,0.003997431741859237,0.0009675112411705993
3,22503,0.0008236353286562262,0.00022027450487967768
3,22535,0.0001649720481016159,0.0006806917387181104
3,22604,1.9073468138254095e-06,9.536738616591883e-07
3,22624,0.0009989515652943487,0.0010218166347098847
3,22635,0.0001115736704460655,0.001564708432567221
3,22702,0.0024346254455727186,0.0017056216264646296
3,22750,0.007070283449806115,0.001602795037703233
3,22790,0.00034517052433894396,0.0020311694206122596
3,22830,0.0015304292476467055,0.0008017186378088549
3,22895,0.0001192021846880618,0.0006149308253611008
3,22928,0.0008398343131708277,0.0006111184658822838
3,22930,0.0013037761791937932,0.0006921279778728684
3,22932,0.0001277841936505925,3.7192606686272914e-05
3,22975,0.0018027259194074786,0.003195420208439892
3,23015,0.00012396997653772138,0.0006730675066212
3,23065,0.0028455265040978014,0.0008998635560057119
3,23080,0.00012396997653772138,0.0006177900854322507
3,23094,0.0018008220042916294,0.0008198237647524941
3,23152,0.0009703694933017855,0.001922665264511095
3,23215,0.00019929807094895457,0.0014866263568393565
3,23270,0.00048339602373181716,0.002316650429499745
3,23325,0.011757071949848638,0.007342969408169036
3,23555,0.011757071949848638,0.002837918759413676
3,23570,0.0016789638964830062,0.00017832119699822093
3,23625,0.005144216503662451,0.008348913942214764
3,23630,0.01080566575441106,0.0062138691961437275
3,23635,0.003309489517075431,0.008348913942214764
3,23636,0.0005091324550338855,0.0011990031983352208
3,23683,0.003655420178534698,0.0004957877214851227
3,23708,0.00020883286819156342,1.049036245642411e-05
3,23715,0.00015352977864176642,0.0007521660877959042
3,23721,0.0006053998994125109,0.0002526917645943462
3,23867,0.0013494918581557806,0.0011075559890307523
3,23880,0.001193287992744972,0.0007083290927958314
3,23900,0.0005091324550338855,0.0035641973362717507
3,23910,0.00041285574234216897,0.00024315738553024488
3,23925,0.002856938012604254,0.0010865981590418073
3,23960,0.00019929807094895457,0.0010027624465034698
3,23978,0.0006120715571145594,0.001046586536612813
3,24060,0.011757071949848638,0.008348913942214764
3,24115,0.00020597243856456627,0.0015342381039995016
3,24203,0.0006311331910021468,0.0011189873475335212
3,24221,0.0005777597004585053,0.000436687475058022
3,24278,0.0007102350890600792,0.0010999350107638401
3,24284,0.000806483176680116,0.00037281715276286893
3,24325,0.0007474012901211164,0.00010299152236295479
3,24425,0.0001392267577004696,0.000853174456329819
3,24475,7.056940933472144e-05,0.008348913942214764
3,24500,0.007274804889289474,0.0013666346989725424
3,24515,0.001551377778060453,0.0052201161037079965
3,24558,0.0005034133053189219,0.0007788485352259188
3,24785,0.0009703694933017855,0.0007464483278617572
3,24855,0.001465676469920366,3.337804402110965e-05
3,24875,0.0015913692084735525,0.0022100803862380165
3,24945,0.00012587708691268846,0.0001392267577004696
3,25005,0.0010904087062554445,0.00021073981673065074
3,25020,0.004954442296443974,0.003834040809692454
3,25050,0.0003308702441962123,0.0015228114914186768
3,25130,0.0057360806653549605,0.001214243586889222
3,25250,0.00019643761404817184,0.0007407305352346447
3,25455,0.005288420818657235,0.0010618292482152884
3,25885,0.011757071949848638,0.0014028241756480887
3,25930,0.0009684639927887289,0.00034326383213531243
3,26000,9.2502130237436e-05,0.008348913942214764
3,26185,0.0008198237647524941,0.0007273888919633046
3,26235,9.727004938879356e-05,0.00039760313533768546
3,26305,0.008251385949314292,0.002396570509462364
3,26340,0.0001268306407362725,0.0006987990569818847
3,26520,7.533743306041653e-05,0.008348913942214764
3,26688,0.0005320087268126173,0.0011323237672956257
3,26855,0.00038616352741105637,0.008348913942214764
3,26870,0.0018217648711995238,0.002807487201886174
3,26970,0.00023171601065823965,0.0006597249605773053
3,27085,0.00477981821230215,0.003982233711523677
3,27100,0.011757071949848638,0.008348913942214764
3,27670,0.0013209198037183586,0.0007521660877959042
3,27728,0.0014047288486681102,0.0008226824390422942
3,27840,0.0008217295485203626,0.0022823970112907043
3,27956,0.008084904681855987,0.0034121407709365777
3,27970,0.00010680581949289155,0.008348913942214764
3,27988,0.00042334177470883385,0.0010846928799898735
3,28005,0.00012110930415574719,0.0008998635560057119
3,28078,0.0011285133797982645,0.0004881620795013512
3,28170,0.0017379907718172948,0.0028455265040978014
3,28319,0.0011475651720962011,0.0009103444828627542
3,28328,0.001193287992744972,0.0008998635560057119
3,28425,0.010669803367703776,0.005599527716737028
3,28437,9.727004938879356e-05,0.0007121410816915123
3,28455,0.008190850513364998,0.004719072251889836
3,28528,0.0006978460484052839,0.0011704268437426277
3,28795,0.0007559779095894282,0.0003880701378200058
3,28800,0.009869350238311748,0.0008541273168886813
3,28815,0.0005243833610333157,3.7192606686272914e-05
3,29026,0.0012504385788397877,0.0004690977201299739
3,29050,0.00114566000920001,0.0018998207840221432
3,29098,0.004696291565354894,0.0005167579371073672
3,29270,0.011757071949848638,0.008348913942214764
3,29373,0.008508620677420824,0.0013494918581557806
3,29377,8.296622373501981e-05,0.0006597249605773053
3,29410,0.005508482057275947,0.0007521660877959042
3,29525,0.011016970562381649,0.008348913942214764
3,29535,0.011757071949848638,0.008348913942214764
3,29563,0.0013685394409228653,0.0007007050714104145
3,29580,0.0002193210401557271,0.003396933842659762
3,29679,0.0018198609923319124,0.00010203794580720649
3,29730,0.0027123826153007007,0.0017208542959712143
3,29790,0.0006378046770232639,0.001930279975371042
3,29795,0.00012301641998633484,0.0005844315425684334
3,29805,0.0001573438830090159,0.0007054700915879015
3,29817,0.011757071949848638,0.008348913942214764
3,29830,0.0006821212757649206,0.0009837078952280485
3,30043,0.001425680012458409,0.0018750720078954532
3,30075,0.008629649421895338,0.0045064323264239
3,30131,0.0006482883508457693,0.0024802894573924114
3,30144,0.0012542485017841007,0.0007378716266611095
3,30255,0.0007588367663992986,0.004392499478321256
3,30332,0.0004910217020597717,0.00010394509800939572
3,30472,0.0008779485357834646,0.0030851408402669343
3,30571,0.009355514442877676,0.0011418496725186563
3,30705,0.001400919499000281,0.00019262365878586245
3,30730,6.770858418692211e-05,0.008348913942214764
3,30764,0.0072899529616975494,0.00132472945814461
3,31000,0.00017832119699822093,0.0005215238338751928
3,31136,0.0018179571098395392,0.0007188120272933112
3,31180,0.00010489867274653099,0.0006806917387181104
3,31250,0.0024308200171290393,0.0006320862631587634
3,31275,0.0008045773638557104,0.0012542485017841007
3,31283,0.0006149308253611008,0.0007388245970937723
3,31294,0.0005367745508974809,0.0007979069903671804
3,31375,6.389413792531323e-05,9.536697689616529e-06
3,31472,5.149708708818664e-05,0.0002708068343783808
3,31496,0.0016865804632774776,0.0008388814389926221
3,31523,0.003149788841430297,0.0006616310494830107
3,31530,0.00015257625027691968,0.005986379318462159
3,31574,0.0016046993298825913,0.0007045170893688357
3,31600,0.0006644901760293831,0.0017018134228323604
3,31615,0.0050374729435779765,0.0009579836750635098
3,31638,0.00018785619425221395,0.0007216709903569398
3,31708,0.0007302478305061341,0.002118725594615664
3,32095,0.007055132049437646,0.0005625096084810925
3,32104,0.0004319211739507536,0.0003194298728416333
3,32259,0.0012123385510221585,0.0007712250514653316
3,32379,0.0016256463045213317,0.0017970141631852186
3,32438,8.964136783471785e-05,0.00019262365878586245
3,32653,2.8610188565003983e-06,9.536738616591883e-07
3,32717,0.0012809175559676748,0.00016973962173560782
3,32828,0.0009703694933017855,0.0009665584886447331
3,32875,0.0002879681767390014,0.0011951930649043434
3,32895,8.010543405216977e-05,0.008348913942214764
3,32911,0.0006034937033221185,0.0011056507499089525
3,33273,0.0007969540762366549,0.0006339924047469611
3,33300,0.00018308870698973903,0.0017608389494857184
3,33340,0.00015925092973738245,0.0006825977876597297
3,33365,0.0033361038169403188,0.002651510932788601
3,33454,0.0036896265990831695,0.0006625840925734245
3,33523,0.006289687656458757,0.001319014971062669
3,33525,0.0073051008046450035,0.0020007133021660607
3,33615,0.011757071949848638,0.005326365866643302
3,33644,0.011757071949848638,0.0020996922958589157
3,33707,0.0005729940716981173,0.0010065733131898306
3,33781,0.0017722628425582035,0.0011247029777817952
3,33850,0.0012809175559676748,0.0010027624465034698
3,33862,3.528532717255232e-05,0.0007674132877908631
3,33965,7.6293654275675724e-06,9.536738616591883e-07
3,34070,0.011757071949848638,0.0018427072995129293
3,34108,0.0008465044069952507,0.0009798969414034659
3,34157,0.0008912881705063504,0.0009637002256206985
3,34175,6.103329368063853e-05,0.008348913942214764
3,34192,0.0034463555140727313,0.0010656398898130188
3,34217,0.0014847218398010703,0.0015170981361650882
3,34308,0.0006073060918693267,0.0011570909321328522
3,34325,0.011757071949848638,0.004863337883131342
3,34407,0.0009856133666940902,0.0010427758224087521
3,34453,0.0007855190358422501,0.002297620897568568
3,34470,0.00022027450487967768,0.000645429177975887
3,34502,0.001589464890909555,0.0009427393804786549
3,34665,0.001629454798223992,0.0011132716846166313
3,34715,0.0015723258696424666,0.0011532806390069973
3,34725,0.0009598891955469028,0.0010351543504357257
3,34740,0.011757071949848638,0.0008398343131708277
3,34800,0.011757071949848638,0.004156997116511571
3,34865,0.00010299152236295479,0.000853174456329819
3,34950,0.0012885371551006014,0.0035223840856465375
3,34979,0.0005901502289480631,0.0010599239219710385
3,35055,0.011757071949848638,0.0015247159359160231
3,35075,0.0001325519445832928,0.0013285390980574503
3,35130,9.2502130237436e-05,0.000280340949827057
3,35165,9.154854367919205e-05,0.008348913942214764
3,35264,0.002503120681375321,0.0011437548426741664
3,35289,0.0008112476928506547,0.00043859398914001223
3,35395,0.0008560330352825805,0.0016637305888555847
3,35435,0.0006425699969311116,0.0010827875973078447
3,35455,0.0010351543504357257,0.00026699316274694465
3,35460,0.0011342289555996753,0.001078977021053446
3,35500,0.003784638295094414,0.001237103734223867
3,35620,0.011757071949848638,0.008348913942214764
3,35637,0.005576767078982975,0.002137758531112846
3,35675,0.011757071949848638,0.005402251643408586
3,35834,0.0011323237672956257,0.0001277841936505925
3,35920,0.011757071949848638,0.0037770376916064605
3,36015,0.008145446531427984,0.0017322786458306286
3,36219,6.389413792531323e-05,9.536738616591883e-07
3,36255,0.011757071949848638,0.008348913942214764
3,36260,0.011757071949848638,0.008348913942214764
3,36435,5.626520175181711e-05,0.00016020445173775725
3,36499,0.0010999350107638401,0.00014208737825488843
3,36509,0.0013837772459173508,0.0008245882173621606
3,36632,0.0005262897079293546,0.0007264359106326852
3,36855,0.0002279021899440399,0.0014485353268913921
3,36972,0.0018236687464423874,0.0008455515391727872
3,37325,0.00023648326609685286,0.002708578243697287
3,37370,0.011757071949848638,0.008348913942214764
3,37571,0.005136626226807067,0.00035851726797203034
3,37715,8.678059724801476e-05,0.008348913942214764
3,37795,0.00011634149866694513,0.0008350699332000816
3,37940,0.00016115797282892873,0.00016115797282892873
3,38098,0.00028987497437724243,0.0006349454741785458
3,38225,0.01094150968503768,0.004354518977505806
3,38240,0.00018851630608175901,0.003532764461356289
3,38278,0.005075901937831878,0.0027770547182507954
3,38300,0.0027352085409880866,0.003180209984126816
3,38355,0.001939798282406951,0.0007798014666096181
3,38360,0.011757071949848638,0.004673510359848451
3,38410,0.0024878999233051715,0.0038834408838026115
3,38485,0.010050641029236125,0.004012629541218183
3,38525,0.011757071949848638,0.0052201161037079965
3,38530,0.011757071949848638,0.002503120681375321
3,38740,0.011757071949848638,0.004248165900383142
3,38760,0.0016408801923050004,0.0008998635560057119
3,38830,0.0013152052948660925,0.0039062400949508936
3,38849,5.9126059637273164e-05,0.0007597897168530221
3,38885,0.00010871296260205031,0.00021264676163329225
3,38889,0.0022519485434171946,0.001774166812048997
3,38985,0.011757071949848638,0.003929038786306997
3,39075,0.0034463555140727313,0.0004547992120837215
3,39109,0.011757071949848638,0.0038226404460207294
3,39399,0.0015570909374661855,7.247662155308637e-05
3,39410,0.0026477063295991974,0.0019245689476620718
3,39440,0.0017475109092881518,0.00029178176837961315
3,39475,0.011665699152574403,0.008348913942214764
3,39515,0.000200251554764282,0.0012809175559676748
3,39575,0.0012066234216459018,0.0013571109347999188
3,39785,0.003153591534878071,0.003355113597472975
3,39790,0.0068051007942283364,0.0011075559890307523
3,39900,0.011757071949848638,0.0028417226389904613
3,39945,0.0016675389375175262,0.0027618381291250375
3,39980,0.001774166812048997,0.0028683493908896658
3,40185,0.011757071949848638,0.004946850579007661
3,40208,0.003780838000571584,0.0025411715630188395
3,40350,0.010794344593841031,0.003497675433910876
3,40355,0.0016275505531857398,0.0025830258606052005
3,40360,0.002609659501558661,0.0031688021640660403
3,40412,0.011757071949848638,0.008348913942214764
3,40460,0.00010489867274653099,0.0006158839129598585
3,40850,0.0003813969854847829,0.00016783259500958119
3,41020,6.961580186149032e-05,0.00800922221517691
3,41191,0.011757071949848638,0.004346922704237435
3,41255,0.0049164831329075445,0.0007102350890600792
3,41290,0.011757071949848638,0.005007582704802561
3,41395,0.003659220949711174,0.0011189873475335212
3,41495,0.004088615073609383,0.002027362456532865
3,41560,0.011757071949848638,0.005819520510963802
3,41650,0.011757071949848638,0.005933290899688244
3,41653,0.004430478536673049,0.0034197441483568643
3,41665,0.011757071949848638,0.004232971680264183
3,41935,0.008084904681855987,0.0036668224487268167
3,42010,0.0060318814343183974,0.002590635544689202
3,42095,0.001993099127618687,0.0072899529616975494
3,42110,0.0029976692447102444,0.002925404329105136
3,42205,0.011757071949848638,0.008348913942214764
3,42235,0.0007254829283938917,0.004703885185195541
3,42240,0.00016878610882718837,0.0013971101348212516
3,42300,0.0004138090225555513,0.0015342381039995016
3,42390,0.004939258803936737,0.002339485389824994
3,42420,0.0005663221532784986,0.0008493630050149113
3,42421,0.001618029273601862,2.0026960103627014e-05
3,42436,9.536738616591883e-07,0.0003423104846701918
3,42560,0.00011252723790881803,0.0005825253065077841
3,42670,0.0005720409432206876,0.0011532806390069973
3,42689,0.0017265664872153927,0.0008808070439185425
3,42760,0.0014104428459615957,0.00028320116673637526
3,43015,0.011757071949848638,0.004430478536673049
3,43130,0.0012656781835247372,0.002316650429499745
3,43145,0.0022709789444834714,0.0032486541717210286
3,43165,0.003179259337425631,0.003357014555650945
3,43170,0.010832081297318042,0.0036155112089884963
3,43240,7.343022629822366e-05,0.0006206493373280557
3,43265,8.201262808341591e-05,0.0006168369996502413
3,43405,0.008758226415110407,0.00256114769629646
3,43415,0.011757071949848638,0.008348913942214764
3,43485,0.0018350919217806376,0.002959635729572124
3,43487,0.0018465149666314436,0.0007521660877959042
3,43522,0.0017779747401553189,0.0008598444611751258
3,43546,0.00351098016840084,0.0008226824390422942
3,43565,0.011757071949848638,0.0038378409020347025
3,43660,0.011757071949848638,0.008348913942214764
3,43665,0.011757071949848638,0.008348913942214764
3,43695,0.011757071949848638,0.008348913942214764
3,43700,0.011757071949848638,0.0042557629238693774
3,43725,0.008463231121549836,0.002959635729572124
3,43840,0.002894975433823831,2.479522482243479e-05
3,44115,9.2502130237436e-05,0.008054632382521179
3,44166,0.0010503972362953863,0.0006930809918988523
3,44180,0.00012492353217983867,0.0006177900854322507
3,44225,0.010715092880924733,0.004605163629263643
3,44340,0.0006654432163949313,0.0007712250514653316
3,44410,0.001391396061343965,0.002971045936001899
3,44460,0.0047950041258490355,0.003594605874991766
3,44464,0.0024917051345419647,0.0011151769092187973
3,44465,0.0037276323607612137,0.0033056874164148113
3,44580,0.011757071949848638,0.008348913942214764
